State,Page,Link
HI,1,https://www.quicktransportsolutions.com//truckingcompany/hawaii/ktg-trans-usdot-1810084.php
HI,1,https://www.quicktransportsolutions.com//truckingcompany/hawaii/dukes-trucking-excavation-llc-usdot-1495322.php
HI,1,https://www.quicktransportsolutions.com//truckingcompany/hawaii/24-haul-it-all-usdot-1586429.php
HI,1,https://www.quicktransportsolutions.com//truckingcompany/hawaii/dynasty-express-usdot-1636859.php
HI,1,https://www.quicktransportsolutions.com//truckingcompany/hawaii/aloha-express-delivery-services-usdot-1736441.php
HI,1,https://www.quicktransportsolutions.com//truckingcompany/hawaii/scotts-trucking-usdot-1756328.php
HI,1,https://www.quicktransportsolutions.com//truckingcompany/hawaii/beehs-trucking-usdot-1168149.php
HI,1,https://www.quicktransportsolutions.com//truckingcompany/hawaii/dadric-trucking-usdot-879642.php
HI,1,https://www.quicktransportsolutions.com//truckingcompany/hawaii/triple-s-hauling-usdot-969815.php
HI,1,https://www.quicktransportsolutions.com//truckingcompany/hawaii/m-w-miranda-trucking-usdot-969907.php
HI,1,https://www.quicktransportsolutions.com//truckingcompany/hawaii/d-and-a-hauling-llc-usdot-1032276.php
HI,1,https://www.quicktransportsolutions.com//truckingcompany/hawaii/equipment-transport-service-usdot-1078484.php
HI,1,https://www.quicktransportsolutions.com//truckingcompany/hawaii/philip-services-hawaii-usdot-577233.php
HI,1,https://www.quicktransportsolutions.com//truckingcompany/hawaii/f-s-services-usdot-617366.php
HI,1,https://www.quicktransportsolutions.com//truckingcompany/hawaii/e-c-trucking-usdot-643259.php
HI,1,https://www.quicktransportsolutions.com//truckingcompany/hawaii/h-b-kamekona-trucking-usdot-663242.php
HI,1,https://www.quicktransportsolutions.com//truckingcompany/hawaii/big-o-truck-transport-usdot-665202.php
HI,1,https://www.quicktransportsolutions.com//truckingcompany/hawaii/island-delivery-usdot-696026.php
HI,1,https://www.quicktransportsolutions.com//truckingcompany/hawaii/r-c-trucking-and-tractor-service-usdot-701406.php
HI,1,https://www.quicktransportsolutions.com//truckingcompany/hawaii/cypriano-trucking-usdot-707761.php
HI,1,https://www.quicktransportsolutions.com//truckingcompany/hawaii/kanekoa-trucking-usdot-718955.php
HI,1,https://www.quicktransportsolutions.com//truckingcompany/hawaii/de-cambra-trucking-usdot-741214.php
HI,1,https://www.quicktransportsolutions.com//truckingcompany/hawaii/d-d-trucking-usdot-747957.php
HI,1,https://www.quicktransportsolutions.com//truckingcompany/hawaii/rodney-j-miyashiro-rental-services-usdot-765545.php
HI,1,https://www.quicktransportsolutions.com//truckingcompany/hawaii/makoa-trucking-services-usdot-783953.php
HI,1,https://www.quicktransportsolutions.com//truckingcompany/hawaii/kamuela-trucking-usdot-840015.php
HI,1,https://www.quicktransportsolutions.com//truckingcompany/hawaii/city-trucking-co-usdot-30302.php
HI,1,https://www.quicktransportsolutions.com//truckingcompany/hawaii/daily-produce-trucking-usdot-135085.php
HI,1,https://www.quicktransportsolutions.com//truckingcompany/hawaii/dons-tractor-service-usdot-529626.php
HI,1,https://www.quicktransportsolutions.com//truckingcompany/hawaii/lindsey-hauling-equipment-rental-usdot-531114.php
HI,1,https://www.quicktransportsolutions.com//truckingcompany/hawaii/camcor-transport-hawaii-usdot-531625.php
HI,1,https://www.quicktransportsolutions.com//truckingcompany/hawaii/rasmussen-trucking-usdot-532199.php
HI,1,https://www.quicktransportsolutions.com//truckingcompany/hawaii/d-k-delivery-service-usdot-532517.php
HI,1,https://www.quicktransportsolutions.com//truckingcompany/hawaii/tsunami-transport-usdot-533702.php
HI,1,https://www.quicktransportsolutions.com//truckingcompany/hawaii/shamrock-transportation-usdot-538878.php
HI,1,https://www.quicktransportsolutions.com//truckingcompany/hawaii/hiki-no-trucking-usdot-539102.php
HI,2,https://www.quicktransportsolutions.com//truckingcompany/hawaii/hawaiian-western-transport-usdot-547977.php
HI,2,https://www.quicktransportsolutions.com//truckingcompany/hawaii/nexus-hazwaste-services-inc-usdot-552658.php
HI,2,https://www.quicktransportsolutions.com//truckingcompany/hawaii/lm-trucking-llc-usdot-2124168.php
HI,2,https://www.quicktransportsolutions.com//truckingcompany/hawaii/maxim-trucking-usdot-2210369.php
HI,2,https://www.quicktransportsolutions.com//truckingcompany/hawaii/hollis-randall-hillner-llc-usdot-2286479.php
HI,2,https://www.quicktransportsolutions.com//truckingcompany/hawaii/haleiwa-off-road-towing-usdot-1240274.php
HI,2,https://www.quicktransportsolutions.com//truckingcompany/hawaii/keeaumoku-supermarket-usdot-2431643.php
HI,2,https://www.quicktransportsolutions.com//truckingcompany/hawaii/eco-hostel-hawaii-usdot-2454482.php
HI,2,https://www.quicktransportsolutions.com//truckingcompany/hawaii/11-hauling-llc-usdot-3844909.php
HI,2,https://www.quicktransportsolutions.com//truckingcompany/hawaii/808-palama-nui-llc-usdot-4128913.php
HI,2,https://www.quicktransportsolutions.com//truckingcompany/hawaii/808-studio-services-llc-usdot-4070454.php
HI,2,https://www.quicktransportsolutions.com//truckingcompany/hawaii/a-p-shipping-corporation-usdot-208184.php
HI,2,https://www.quicktransportsolutions.com//truckingcompany/hawaii/a-m-trucking-inc-usdot-1750114.php
HI,2,https://www.quicktransportsolutions.com//truckingcompany/hawaii/a-s-hauling-inc-usdot-1982833.php
HI,2,https://www.quicktransportsolutions.com//truckingcompany/hawaii/aa-trucking-services-llc-usdot-1517557.php
HI,2,https://www.quicktransportsolutions.com//truckingcompany/hawaii/as-trucking-usdot-509959.php
HI,2,https://www.quicktransportsolutions.com//truckingcompany/hawaii/a-town-trucking-llc-usdot-3817350.php
HI,2,https://www.quicktransportsolutions.com//truckingcompany/hawaii/a1-hawaii-trucking-equipment-inc-usdot-452285.php
HI,2,https://www.quicktransportsolutions.com//truckingcompany/hawaii/aala-ship-service-usdot-213897.php
HI,2,https://www.quicktransportsolutions.com//truckingcompany/hawaii/above-and-beyond-delivery-usdot-2446105.php
HI,2,https://www.quicktransportsolutions.com//truckingcompany/hawaii/takushi-trucking-usdot-4107603.php
HI,2,https://www.quicktransportsolutions.com//truckingcompany/hawaii/action-fuel-inc-usdot-876513.php
HI,2,https://www.quicktransportsolutions.com//truckingcompany/hawaii/advanced-trucking-llc-usdot-1476351.php
HI,2,https://www.quicktransportsolutions.com//truckingcompany/hawaii/ahualoa-dairy-inc-usdot-1096829.php
HI,2,https://www.quicktransportsolutions.com//truckingcompany/hawaii/ahuna-special-effects-llc-usdot-2394933.php
HI,2,https://www.quicktransportsolutions.com//truckingcompany/hawaii/air-flo-express-incorporated-usdot-105294.php
HI,2,https://www.quicktransportsolutions.com//truckingcompany/hawaii/air-service-hawaii-usdot-731853.php
HI,2,https://www.quicktransportsolutions.com//truckingcompany/hawaii/akana-trucking-inc-usdot-630916.php
HI,2,https://www.quicktransportsolutions.com//truckingcompany/hawaii/akita-enterprises-limited-usdot-405234.php
HI,2,https://www.quicktransportsolutions.com//truckingcompany/hawaii/al-jr-trucking-llc-usdot-2082402.php
HI,2,https://www.quicktransportsolutions.com//truckingcompany/hawaii/albert-yuen-express-usdot-30308.php
HI,2,https://www.quicktransportsolutions.com//truckingcompany/hawaii/alderaan-logistics-usdot-3802184.php
HI,2,https://www.quicktransportsolutions.com//truckingcompany/hawaii/alex-gomes-trucking-llc-usdot-2432989.php
HI,2,https://www.quicktransportsolutions.com//truckingcompany/hawaii/kng-services-usdot-2588144.php
HI,2,https://www.quicktransportsolutions.com//truckingcompany/hawaii/all-american-llc-usdot-2192449.php
HI,2,https://www.quicktransportsolutions.com//truckingcompany/hawaii/all-island-trucking-inc-usdot-2834579.php
HI,3,https://www.quicktransportsolutions.com//truckingcompany/hawaii/all-weather-surfaces-hawaii-llc-usdot-1881720.php
HI,3,https://www.quicktransportsolutions.com//truckingcompany/hawaii/all-american-moving-inc-usdot-1174041.php
HI,3,https://www.quicktransportsolutions.com//truckingcompany/hawaii/allied-machinery-corp-usdot-538883.php
HI,3,https://www.quicktransportsolutions.com//truckingcompany/hawaii/atf-usdot-2417175.php
HI,3,https://www.quicktransportsolutions.com//truckingcompany/hawaii/aloha-international-moving-services-inc-usdot-610712.php
HI,3,https://www.quicktransportsolutions.com//truckingcompany/hawaii/aloha-island-enterprises-llc-usdot-2254133.php
HI,3,https://www.quicktransportsolutions.com//truckingcompany/hawaii/aloha-isle-moving-inc-usdot-2201885.php
HI,3,https://www.quicktransportsolutions.com//truckingcompany/hawaii/aloha-junk-man-llc-usdot-3946061.php
HI,3,https://www.quicktransportsolutions.com//truckingcompany/hawaii/aloha-maintenance-contractors-usdot-3797479.php
HI,3,https://www.quicktransportsolutions.com//truckingcompany/hawaii/aloha-movers-usdot-2593605.php
HI,3,https://www.quicktransportsolutions.com//truckingcompany/hawaii/aloha-pallets-distribution-llc-usdot-2315126.php
HI,3,https://www.quicktransportsolutions.com//truckingcompany/hawaii/aloha-petroleum-ltd-usdot-571797.php
HI,3,https://www.quicktransportsolutions.com//truckingcompany/hawaii/aloha-safety-towing-inc-usdot-2330091.php
HI,3,https://www.quicktransportsolutions.com//truckingcompany/hawaii/aloha-shoyu-company-limited-usdot-2149687.php
HI,3,https://www.quicktransportsolutions.com//truckingcompany/hawaii/aloha-state-tour-transportation-company-usdot-130343.php
HI,3,https://www.quicktransportsolutions.com//truckingcompany/hawaii/ats-usdot-2070123.php
HI,3,https://www.quicktransportsolutions.com//truckingcompany/hawaii/aloha-trucking-usdot-1313126.php
HI,3,https://www.quicktransportsolutions.com//truckingcompany/hawaii/aloha-waste-systems-of-honolulu-usdot-3478450.php
HI,3,https://www.quicktransportsolutions.com//truckingcompany/hawaii/alpha-king-logistics-inc-usdot-3696421.php
HI,3,https://www.quicktransportsolutions.com//truckingcompany/hawaii/hawaii-logistic-services-usdot-548359.php
HI,3,https://www.quicktransportsolutions.com//truckingcompany/hawaii/american-hauling-inc-usdot-531777.php
HI,3,https://www.quicktransportsolutions.com//truckingcompany/hawaii/american-industrial-inc-usdot-4094437.php
HI,3,https://www.quicktransportsolutions.com//truckingcompany/hawaii/oahu-gas-service-usdot-532030.php
HI,3,https://www.quicktransportsolutions.com//truckingcompany/hawaii/s-js-hauling-usdot-937869.php
HI,3,https://www.quicktransportsolutions.com//truckingcompany/hawaii/any-delivery-llc-usdot-3366334.php
HI,3,https://www.quicktransportsolutions.com//truckingcompany/hawaii/any-kine-junk-llc-usdot-4103363.php
HI,3,https://www.quicktransportsolutions.com//truckingcompany/hawaii/apollo-enterprise-corp-usdot-1631777.php
HI,3,https://www.quicktransportsolutions.com//truckingcompany/hawaii/atas-hauling-usdot-1523922.php
HI,3,https://www.quicktransportsolutions.com//truckingcompany/hawaii/atlantic-pacific-international-inc-usdot-674273.php
HI,3,https://www.quicktransportsolutions.com//truckingcompany/hawaii/augustus-trucking-llc-usdot-3431443.php
HI,3,https://www.quicktransportsolutions.com//truckingcompany/hawaii/auwae-trucking-llc-usdot-3298259.php
HI,3,https://www.quicktransportsolutions.com//truckingcompany/hawaii/b-c-trucking-co-ltd-usdot-105293.php
HI,3,https://www.quicktransportsolutions.com//truckingcompany/hawaii/bb-trucking-storage-inc-usdot-950644.php
HI,3,https://www.quicktransportsolutions.com//truckingcompany/hawaii/b-j-trucking-inc-usdot-969648.php
HI,3,https://www.quicktransportsolutions.com//truckingcompany/hawaii/bm-crane-llc-usdot-4000593.php
HI,3,https://www.quicktransportsolutions.com//truckingcompany/hawaii/b-haulin-llc-usdot-3069872.php
HI,4,https://www.quicktransportsolutions.com//truckingcompany/hawaii/bacon-universal-company-inc-usdot-150924.php
HI,4,https://www.quicktransportsolutions.com//truckingcompany/hawaii/bandit-trucking-usdot-959746.php
HI,4,https://www.quicktransportsolutions.com//truckingcompany/hawaii/be-trucking-llc-usdot-1759205.php
HI,4,https://www.quicktransportsolutions.com//truckingcompany/hawaii/bears-trucking-inc-usdot-879634.php
HI,4,https://www.quicktransportsolutions.com//truckingcompany/hawaii/bell-trucking-llc-usdot-1757431.php
HI,4,https://www.quicktransportsolutions.com//truckingcompany/hawaii/bellissimo-stoneworks-and-design-inc-usdot-4089733.php
HI,4,https://www.quicktransportsolutions.com//truckingcompany/hawaii/berns-trucking-llc-usdot-4087898.php
HI,4,https://www.quicktransportsolutions.com//truckingcompany/hawaii/bertelmann-inc-usdot-942223.php
HI,4,https://www.quicktransportsolutions.com//truckingcompany/hawaii/beylik-drilling-pump-service-inc-usdot-286612.php
HI,4,https://www.quicktransportsolutions.com//truckingcompany/hawaii/bhl-trucking-and-equipment-services-llc-usdot-1892560.php
HI,4,https://www.quicktransportsolutions.com//truckingcompany/hawaii/big-island-asphalt-company-usdot-1138078.php
HI,4,https://www.quicktransportsolutions.com//truckingcompany/hawaii/big-island-courier-service-usdot-122453.php
HI,4,https://www.quicktransportsolutions.com//truckingcompany/hawaii/akana-petruleum-usdot-2035885.php
HI,4,https://www.quicktransportsolutions.com//truckingcompany/hawaii/big-island-metal-recycling-llc-usdot-3880641.php
HI,4,https://www.quicktransportsolutions.com//truckingcompany/hawaii/big-island-parcel-service-inc-usdot-700578.php
HI,4,https://www.quicktransportsolutions.com//truckingcompany/hawaii/big-island-scrap-metal-llc-usdot-2334201.php
HI,4,https://www.quicktransportsolutions.com//truckingcompany/hawaii/big-isle-moving-draying-inc-usdot-105291.php
HI,4,https://www.quicktransportsolutions.com//truckingcompany/hawaii/big-mountain-trucking-equipment-rentals-usdot-1765112.php
HI,4,https://www.quicktransportsolutions.com//truckingcompany/hawaii/billys-trucking-llc-usdot-1706764.php
HI,4,https://www.quicktransportsolutions.com//truckingcompany/hawaii/brian-fields-usdot-4046883.php
HI,4,https://www.quicktransportsolutions.com//truckingcompany/hawaii/blasting-technology-inc-usdot-1662747.php
HI,4,https://www.quicktransportsolutions.com//truckingcompany/hawaii/blessed-wastewater-solutions-llc-usdot-4061045.php
HI,4,https://www.quicktransportsolutions.com//truckingcompany/hawaii/blue-wave-tour-inc-usdot-2198763.php
HI,4,https://www.quicktransportsolutions.com//truckingcompany/hawaii/bluestar-pacific-incorporated-usdot-2304282.php
HI,4,https://www.quicktransportsolutions.com//truckingcompany/hawaii/bobby-boys-trucking-llc-usdot-1673067.php
HI,4,https://www.quicktransportsolutions.com//truckingcompany/hawaii/trucking-general-hauling-usdot-3389418.php
HI,4,https://www.quicktransportsolutions.com//truckingcompany/hawaii/boyd-trucking-service-incorporated-usdot-130935.php
HI,4,https://www.quicktransportsolutions.com//truckingcompany/hawaii/bragado-trucking-inc-usdot-365213.php
HI,4,https://www.quicktransportsolutions.com//truckingcompany/hawaii/browns-trucking-inc-usdot-933440.php
HI,4,https://www.quicktransportsolutions.com//truckingcompany/hawaii/bryanka-hauling-usdot-3965132.php
HI,4,https://www.quicktransportsolutions.com//truckingcompany/hawaii/bug-man-termite-and-pest-control-inc-usdot-2298610.php
HI,4,https://www.quicktransportsolutions.com//truckingcompany/hawaii/bullys-trucking-inc-usdot-1736662.php
HI,4,https://www.quicktransportsolutions.com//truckingcompany/hawaii/c-k-services-llc-usdot-2376791.php
HI,4,https://www.quicktransportsolutions.com//truckingcompany/hawaii/c-a-hauling-llc-usdot-3870793.php
HI,4,https://www.quicktransportsolutions.com//truckingcompany/hawaii/cf-trucking-usdot-2282899.php
HI,4,https://www.quicktransportsolutions.com//truckingcompany/hawaii/cj-development-and-services-llc-usdot-4033242.php
HI,5,https://www.quicktransportsolutions.com//truckingcompany/hawaii/ca-trucking-llc-usdot-2791029.php
HI,5,https://www.quicktransportsolutions.com//truckingcompany/hawaii/cabrals-excavation-usdot-4071507.php
HI,5,https://www.quicktransportsolutions.com//truckingcompany/hawaii/calasa-trucking-llc-usdot-1804674.php
HI,5,https://www.quicktransportsolutions.com//truckingcompany/hawaii/california-hawaii-foliage-growers-inc-usdot-768003.php
HI,5,https://www.quicktransportsolutions.com//truckingcompany/hawaii/cameron-chemical-corp-usdot-2279575.php
HI,5,https://www.quicktransportsolutions.com//truckingcompany/hawaii/candid-trucking-llc-usdot-2794735.php
HI,5,https://www.quicktransportsolutions.com//truckingcompany/hawaii/cane-cab-trucking-inc-usdot-1645623.php
HI,5,https://www.quicktransportsolutions.com//truckingcompany/hawaii/cantor-bros-transport-services-inc-usdot-900358.php
HI,5,https://www.quicktransportsolutions.com//truckingcompany/hawaii/the-delivery-people-usdot-1810806.php
HI,5,https://www.quicktransportsolutions.com//truckingcompany/hawaii/cargo-saints-inc-usdot-1602341.php
HI,5,https://www.quicktransportsolutions.com//truckingcompany/hawaii/acr-water-hauling-usdot-1205380.php
HI,5,https://www.quicktransportsolutions.com//truckingcompany/hawaii/chester-and-keikis-trucking-usdot-2353327.php
HI,5,https://www.quicktransportsolutions.com//truckingcompany/hawaii/chosen-courier-services-llc-usdot-3992728.php
HI,5,https://www.quicktransportsolutions.com//truckingcompany/hawaii/chungs-farm-llc-usdot-4012634.php
HI,5,https://www.quicktransportsolutions.com//truckingcompany/hawaii/department-of-environmental-services-usdot-1305929.php
HI,5,https://www.quicktransportsolutions.com//truckingcompany/hawaii/city-express-incorporated-usdot-105288.php
HI,5,https://www.quicktransportsolutions.com//truckingcompany/hawaii/cj-peterson-services-inc-usdot-1740160.php
HI,5,https://www.quicktransportsolutions.com//truckingcompany/hawaii/cleaning-and-pumping-services-llc-usdot-3070688.php
HI,5,https://www.quicktransportsolutions.com//truckingcompany/hawaii/cmac-excavation-llc-usdot-3774607.php
HI,5,https://www.quicktransportsolutions.com//truckingcompany/hawaii/cmz-of-hawaii-inc-usdot-1708305.php
HI,5,https://www.quicktransportsolutions.com//truckingcompany/hawaii/cnb-logistics-llc-usdot-3119644.php
HI,5,https://www.quicktransportsolutions.com//truckingcompany/hawaii/cnk-trucking-co-usdot-1824675.php
HI,5,https://www.quicktransportsolutions.com//truckingcompany/hawaii/coconut-coast-property-services-usdot-1686503.php
HI,5,https://www.quicktransportsolutions.com//truckingcompany/hawaii/cody-express-llc-usdot-1334885.php
HI,5,https://www.quicktransportsolutions.com//truckingcompany/hawaii/coleman-hawaii-movers-inc-usdot-65377.php
HI,5,https://www.quicktransportsolutions.com//truckingcompany/hawaii/conens-freight-transport-inc-usdot-546359.php
HI,5,https://www.quicktransportsolutions.com//truckingcompany/hawaii/contractors-equipment-service-corp-usdot-2129997.php
HI,5,https://www.quicktransportsolutions.com//truckingcompany/hawaii/coran-hauling-excavation-llc-usdot-1649376.php
HI,5,https://www.quicktransportsolutions.com//truckingcompany/hawaii/correa-hauling-llc-usdot-1547719.php
HI,5,https://www.quicktransportsolutions.com//truckingcompany/hawaii/cross-trucking-llc-usdot-1553901.php
HI,5,https://www.quicktransportsolutions.com//truckingcompany/hawaii/cunningham-cabinets-ltd-usdot-4040754.php
HI,5,https://www.quicktransportsolutions.com//truckingcompany/hawaii/d-k-petroleum-inc-usdot-1129821.php
HI,5,https://www.quicktransportsolutions.com//truckingcompany/hawaii/d-d-haole-delivery-service-usdot-616437.php
HI,5,https://www.quicktransportsolutions.com//truckingcompany/hawaii/d-otani-produce-inc-usdot-550534.php
HI,5,https://www.quicktransportsolutions.com//truckingcompany/hawaii/d-s-allen-services-usdot-1652100.php
HI,5,https://www.quicktransportsolutions.com//truckingcompany/hawaii/darbs-trucking-llc-usdot-1759204.php
HI,6,https://www.quicktransportsolutions.com//truckingcompany/hawaii/rolling-stones-usdot-1542619.php
HI,6,https://www.quicktransportsolutions.com//truckingcompany/hawaii/twin-trucking-usdot-550445.php
HI,6,https://www.quicktransportsolutions.com//truckingcompany/hawaii/davis-equipment-hauling-llc-usdot-3208980.php
HI,6,https://www.quicktransportsolutions.com//truckingcompany/hawaii/dc-asphalt-services-inc-usdot-2562163.php
HI,6,https://www.quicktransportsolutions.com//truckingcompany/hawaii/honolulu-ship-supply-co-usdot-150928.php
HI,6,https://www.quicktransportsolutions.com//truckingcompany/hawaii/de-coite-trucking-inc-usdot-953480.php
HI,6,https://www.quicktransportsolutions.com//truckingcompany/hawaii/de-regos-service-usdot-942228.php
HI,6,https://www.quicktransportsolutions.com//truckingcompany/hawaii/debra-vincent-llc-usdot-2339912.php
HI,6,https://www.quicktransportsolutions.com//truckingcompany/hawaii/deliver-ease-services-llc-usdot-3894591.php
HI,6,https://www.quicktransportsolutions.com//truckingcompany/hawaii/delivery-kings-llc-usdot-3879844.php
HI,6,https://www.quicktransportsolutions.com//truckingcompany/hawaii/dependable-hawaiian-express-big-isl-usdot-1436316.php
HI,6,https://www.quicktransportsolutions.com//truckingcompany/hawaii/dhx-usdot-530831.php
HI,6,https://www.quicktransportsolutions.com//truckingcompany/hawaii/roadmaster-services-usdot-531496.php
HI,6,https://www.quicktransportsolutions.com//truckingcompany/hawaii/dfs-logistics-llc-usdot-3070741.php
HI,6,https://www.quicktransportsolutions.com//truckingcompany/hawaii/diamond-b-ranch-trucking-llc-usdot-1604232.php
HI,6,https://www.quicktransportsolutions.com//truckingcompany/hawaii/diamond-head-seafood-wholesale-inc-usdot-1016198.php
HI,6,https://www.quicktransportsolutions.com//truckingcompany/hawaii/dickson-trucking-llc-usdot-3322891.php
HI,6,https://www.quicktransportsolutions.com//truckingcompany/hawaii/diesel-trucking-808-inc-usdot-1537389.php
HI,6,https://www.quicktransportsolutions.com//truckingcompany/hawaii/dsr-usdot-551369.php
HI,6,https://www.quicktransportsolutions.com//truckingcompany/hawaii/serv-pro-of-kailua-and-central-honolulu-usdot-4103168.php
HI,6,https://www.quicktransportsolutions.com//truckingcompany/hawaii/diversified-crane-corporation-usdot-2581799.php
HI,6,https://www.quicktransportsolutions.com//truckingcompany/hawaii/dons-makiki-service-usdot-447268.php
HI,6,https://www.quicktransportsolutions.com//truckingcompany/hawaii/dons-trucking-llc-usdot-4107300.php
HI,6,https://www.quicktransportsolutions.com//truckingcompany/hawaii/donaldson-enterprises-inc-usdot-2183621.php
HI,6,https://www.quicktransportsolutions.com//truckingcompany/hawaii/double-jk-inc-usdot-1259979.php
HI,6,https://www.quicktransportsolutions.com//truckingcompany/hawaii/dpi-hawaiian-distributor-ltd-usdot-532209.php
HI,6,https://www.quicktransportsolutions.com//truckingcompany/hawaii/dream-team-transportation-llc-usdot-3482717.php
HI,6,https://www.quicktransportsolutions.com//truckingcompany/hawaii/e-a-produce-inc-usdot-1070293.php
HI,6,https://www.quicktransportsolutions.com//truckingcompany/hawaii/e-a-produce-inc-usdot-1072093.php
HI,6,https://www.quicktransportsolutions.com//truckingcompany/hawaii/simply-said-trucking-usdot-2279834.php
HI,6,https://www.quicktransportsolutions.com//truckingcompany/hawaii/e-r-ranch-and-services-llc-usdot-831134.php
HI,6,https://www.quicktransportsolutions.com//truckingcompany/hawaii/watanabe-pumping-usdot-3786643.php
HI,6,https://www.quicktransportsolutions.com//truckingcompany/hawaii/e-h-international-llc-usdot-2543262.php
HI,6,https://www.quicktransportsolutions.com//truckingcompany/hawaii/e-opala-inc-usdot-4102790.php
HI,6,https://www.quicktransportsolutions.com//truckingcompany/hawaii/eagle-distributors-incorporated-usdot-80430.php
HI,6,https://www.quicktransportsolutions.com//truckingcompany/hawaii/eagle-wings-trucking-inc-usdot-1484426.php
HI,7,https://www.quicktransportsolutions.com//truckingcompany/hawaii/eastside-express-delivery-service-llc-usdot-4022912.php
HI,7,https://www.quicktransportsolutions.com//truckingcompany/hawaii/ec-trucking-llc-usdot-2425725.php
HI,7,https://www.quicktransportsolutions.com//truckingcompany/hawaii/eddies-transfer-incorporated-usdot-53960.php
HI,7,https://www.quicktransportsolutions.com//truckingcompany/hawaii/eds-hauling-and-rental-usdot-738777.php
HI,7,https://www.quicktransportsolutions.com//truckingcompany/hawaii/edward-vegas-trucking-llc-usdot-1686123.php
HI,7,https://www.quicktransportsolutions.com//truckingcompany/hawaii/edwin-de-luz-trucking-gravel-llc-usdot-538890.php
HI,7,https://www.quicktransportsolutions.com//truckingcompany/hawaii/eggs-hawaii-inc-usdot-319787.php
HI,7,https://www.quicktransportsolutions.com//truckingcompany/hawaii/ehiku-trucking-llc-usdot-1813227.php
HI,7,https://www.quicktransportsolutions.com//truckingcompany/hawaii/eight-point-distributors-inc-usdot-561791.php
HI,7,https://www.quicktransportsolutions.com//truckingcompany/hawaii/ekela-trucking-llc-usdot-2800433.php
HI,7,https://www.quicktransportsolutions.com//truckingcompany/hawaii/electrical-contractors-hawaii-inc-usdot-2285571.php
HI,7,https://www.quicktransportsolutions.com//truckingcompany/hawaii/elite-air-inc-usdot-4066736.php
HI,7,https://www.quicktransportsolutions.com//truckingcompany/hawaii/elite-hauling-llc-usdot-3862519.php
HI,7,https://www.quicktransportsolutions.com//truckingcompany/hawaii/elite-trucking-services-llc-usdot-1388879.php
HI,7,https://www.quicktransportsolutions.com//truckingcompany/hawaii/elj-construction-inc-usdot-2188821.php
HI,7,https://www.quicktransportsolutions.com//truckingcompany/hawaii/elwir-electrical-services-llc-usdot-4128648.php
HI,7,https://www.quicktransportsolutions.com//truckingcompany/hawaii/environmental-transport-group-llc-usdot-1559738.php
HI,7,https://www.quicktransportsolutions.com//truckingcompany/hawaii/enviroservices-training-center-llc-usdot-1147105.php
HI,7,https://www.quicktransportsolutions.com//truckingcompany/hawaii/epic-trucking-inc-usdot-1699772.php
HI,7,https://www.quicktransportsolutions.com//truckingcompany/hawaii/erwin-decoite-sons-trucking-usdot-1468181.php
HI,7,https://www.quicktransportsolutions.com//truckingcompany/hawaii/es-trucking-usdot-1854281.php
HI,7,https://www.quicktransportsolutions.com//truckingcompany/hawaii/honolulu-hauling-llc-usdot-1427818.php
HI,7,https://www.quicktransportsolutions.com//truckingcompany/hawaii/exclusive-hauling-services-llc-usdot-3982585.php
HI,7,https://www.quicktransportsolutions.com//truckingcompany/hawaii/explore-kauai-tours-llc-usdot-2396970.php
HI,7,https://www.quicktransportsolutions.com//truckingcompany/hawaii/ez-delivery-solutions-llc-usdot-3839322.php
HI,7,https://www.quicktransportsolutions.com//truckingcompany/hawaii/ez-trucking-honolulu-inc-usdot-2847797.php
HI,7,https://www.quicktransportsolutions.com//truckingcompany/hawaii/ez-trucking-llc-usdot-2064068.php
HI,7,https://www.quicktransportsolutions.com//truckingcompany/hawaii/fcs-inc-usdot-2048465.php
HI,7,https://www.quicktransportsolutions.com//truckingcompany/hawaii/feed-trough-llp-usdot-3745535.php
HI,7,https://www.quicktransportsolutions.com//truckingcompany/hawaii/fiberglass-hawaii-inc-usdot-614481.php
HI,7,https://www.quicktransportsolutions.com//truckingcompany/hawaii/first-class-trucking-llc-usdot-1469154.php
HI,7,https://www.quicktransportsolutions.com//truckingcompany/hawaii/five-star-transportation-usdot-1498044.php
HI,7,https://www.quicktransportsolutions.com//truckingcompany/hawaii/oahu-party-bus-usdot-2479029.php
HI,7,https://www.quicktransportsolutions.com//truckingcompany/hawaii/fosters-trucking-llc-usdot-1983878.php
HI,7,https://www.quicktransportsolutions.com//truckingcompany/hawaii/four-seasons-tour-inc-usdot-2319987.php
HI,7,https://www.quicktransportsolutions.com//truckingcompany/hawaii/foxx-trucking-llc-usdot-1682592.php
HI,8,https://www.quicktransportsolutions.com//truckingcompany/hawaii/c-f-trucking-usdot-541460.php
HI,8,https://www.quicktransportsolutions.com//truckingcompany/hawaii/frankies-rubbish-service-llc-usdot-4106027.php
HI,8,https://www.quicktransportsolutions.com//truckingcompany/hawaii/fte-services-llc-usdot-2366415.php
HI,8,https://www.quicktransportsolutions.com//truckingcompany/hawaii/marine-petroleum-corp-usdot-1046730.php
HI,8,https://www.quicktransportsolutions.com//truckingcompany/hawaii/garden-valley-isle-seafood-inc-usdot-711674.php
HI,8,https://www.quicktransportsolutions.com//truckingcompany/hawaii/garden-isle-disposal-inc-usdot-1618482.php
HI,8,https://www.quicktransportsolutions.com//truckingcompany/hawaii/garden-isle-tile-masonry-inc-usdot-4089748.php
HI,8,https://www.quicktransportsolutions.com//truckingcompany/hawaii/gay-robinson-inc-usdot-536726.php
HI,8,https://www.quicktransportsolutions.com//truckingcompany/hawaii/genesis-trucking-llc-usdot-1682602.php
HI,8,https://www.quicktransportsolutions.com//truckingcompany/hawaii/pugees-trucking-company-usdot-1140737.php
HI,8,https://www.quicktransportsolutions.com//truckingcompany/hawaii/gerdyn-enterprises-llc-usdot-1654208.php
HI,8,https://www.quicktransportsolutions.com//truckingcompany/hawaii/glenn-j-a-costa-sr-usdot-1564722.php
HI,8,https://www.quicktransportsolutions.com//truckingcompany/hawaii/glenn-lindsey-trucking-usdot-533554.php
HI,8,https://www.quicktransportsolutions.com//truckingcompany/hawaii/golden-equipment-transport-llc-usdot-1444189.php
HI,8,https://www.quicktransportsolutions.com//truckingcompany/hawaii/gomes-truck-rentals-inc-usdot-926310.php
HI,8,https://www.quicktransportsolutions.com//truckingcompany/hawaii/good-hawaii-inc-usdot-2410535.php
HI,8,https://www.quicktransportsolutions.com//truckingcompany/hawaii/continental-transport-service-usdot-1629266.php
HI,8,https://www.quicktransportsolutions.com//truckingcompany/hawaii/g-p-service-usdot-550451.php
HI,8,https://www.quicktransportsolutions.com//truckingcompany/hawaii/grace-pacific-usdot-1647702.php
HI,8,https://www.quicktransportsolutions.com//truckingcompany/hawaii/green-thumb-incorporated-usdot-2254836.php
HI,8,https://www.quicktransportsolutions.com//truckingcompany/hawaii/gsi-pacific-inc-usdot-2786483.php
HI,8,https://www.quicktransportsolutions.com//truckingcompany/hawaii/guava-express-inc-usdot-926311.php
HI,8,https://www.quicktransportsolutions.com//truckingcompany/hawaii/island-wide-trucking-usdot-661890.php
HI,8,https://www.quicktransportsolutions.com//truckingcompany/hawaii/hawaiian-isles-water-company-usdot-1431663.php
HI,8,https://www.quicktransportsolutions.com//truckingcompany/hawaii/hitco-moving-and-storage-service-usdot-30309.php
HI,8,https://www.quicktransportsolutions.com//truckingcompany/hawaii/h30-trucking-llc-usdot-3448214.php
HI,8,https://www.quicktransportsolutions.com//truckingcompany/hawaii/hac-trucking-inc-usdot-2836611.php
HI,8,https://www.quicktransportsolutions.com//truckingcompany/hawaii/halawa-truck-and-auto-repair-inc-usdot-2322514.php
HI,8,https://www.quicktransportsolutions.com//truckingcompany/hawaii/hamaj-trucking-llc-usdot-3862632.php
HI,8,https://www.quicktransportsolutions.com//truckingcompany/hawaii/hammah-down-trucking-llc-usdot-2488584.php
HI,8,https://www.quicktransportsolutions.com//truckingcompany/hawaii/hangs-trucking-inc-usdot-2787160.php
HI,8,https://www.quicktransportsolutions.com//truckingcompany/hawaii/hankook-hawaii-inc-usdot-2410531.php
HI,8,https://www.quicktransportsolutions.com//truckingcompany/hawaii/hankys-express-usdot-53952.php
HI,8,https://www.quicktransportsolutions.com//truckingcompany/hawaii/harris-rebar-south-pacific-inc-usdot-1258188.php
HI,8,https://www.quicktransportsolutions.com//truckingcompany/hawaii/hawaii-cdl-academy-llc-usdot-4062628.php
HI,8,https://www.quicktransportsolutions.com//truckingcompany/hawaii/hawaii-express-moving-storage-llc-usdot-1665214.php
HI,9,https://www.quicktransportsolutions.com//truckingcompany/hawaii/hawaii-foodservice-alliance-usdot-2144068.php
HI,9,https://www.quicktransportsolutions.com//truckingcompany/hawaii/hawaii-global-holiday-inc-usdot-2335462.php
HI,9,https://www.quicktransportsolutions.com//truckingcompany/hawaii/hawaii-international-movers-inc-usdot-191516.php
HI,9,https://www.quicktransportsolutions.com//truckingcompany/hawaii/hawaii-island-waste-llc-usdot-4045182.php
HI,9,https://www.quicktransportsolutions.com//truckingcompany/hawaii/hawaii-mega-cor-inc-usdot-1922482.php
HI,9,https://www.quicktransportsolutions.com//truckingcompany/hawaii/pods-portable-on-demand-storage-usdot-1652233.php
HI,9,https://www.quicktransportsolutions.com//truckingcompany/hawaii/hawaiian-pacific-freight-usdot-3065336.php
HI,9,https://www.quicktransportsolutions.com//truckingcompany/hawaii/hawaii-petroleum-inc-usdot-778933.php
HI,9,https://www.quicktransportsolutions.com//truckingcompany/hawaii/hawaii-piano-household-moving-usdot-1333671.php
HI,9,https://www.quicktransportsolutions.com//truckingcompany/hawaii/hawaii-special-effects-ltd-usdot-2190390.php
HI,9,https://www.quicktransportsolutions.com//truckingcompany/hawaii/hawaii-stevedores-inc-usdot-2086104.php
HI,9,https://www.quicktransportsolutions.com//truckingcompany/hawaii/hawaii-test-borings-inc-usdot-574146.php
HI,9,https://www.quicktransportsolutions.com//truckingcompany/hawaii/hawaii-transfer-company-ltd-usdot-530164.php
HI,9,https://www.quicktransportsolutions.com//truckingcompany/hawaii/hawaii-trucking-transportation-llc-usdot-3791308.php
HI,9,https://www.quicktransportsolutions.com//truckingcompany/hawaii/hawaiian-agents-inc-usdot-3162906.php
HI,9,https://www.quicktransportsolutions.com//truckingcompany/hawaii/lehua-linen-usdot-4086132.php
HI,9,https://www.quicktransportsolutions.com//truckingcompany/hawaii/hawaiian-cement-usdot-447269.php
HI,9,https://www.quicktransportsolutions.com//truckingcompany/hawaii/hawaiian-commercial-sugar-co-div-of-a-b-inc-usdot-53957.php
HI,9,https://www.quicktransportsolutions.com//truckingcompany/hawaii/hawaiian-cowboy-trucking-inc-usdot-535630.php
HI,9,https://www.quicktransportsolutions.com//truckingcompany/hawaii/hawaiian-freight-forwarders-limited-usdot-62958.php
HI,9,https://www.quicktransportsolutions.com//truckingcompany/hawaii/hawaiian-hauling-service-ltd-usdot-2972719.php
HI,9,https://www.quicktransportsolutions.com//truckingcompany/hawaii/hawaiian-hmc-llc-usdot-4060655.php
HI,9,https://www.quicktransportsolutions.com//truckingcompany/hawaii/hawaiian-island-trucking-usdot-574144.php
HI,9,https://www.quicktransportsolutions.com//truckingcompany/hawaii/hawaiian-pumping-specialists-llc-usdot-2153497.php
HI,9,https://www.quicktransportsolutions.com//truckingcompany/hawaii/hawii-metal-recovery-corp-usdot-2176942.php
HI,9,https://www.quicktransportsolutions.com//truckingcompany/hawaii/hayashi-express-enterprises-inc-usdot-3848706.php
HI,9,https://www.quicktransportsolutions.com//truckingcompany/hawaii/haztech-environmental-services-usdot-1648712.php
HI,9,https://www.quicktransportsolutions.com//truckingcompany/hawaii/hcd-llc-usdot-574751.php
HI,9,https://www.quicktransportsolutions.com//truckingcompany/hawaii/hd-hauling-service-llc-usdot-1984323.php
HI,9,https://www.quicktransportsolutions.com//truckingcompany/hawaii/healy-tibbitts-builders-inc-usdot-2267344.php
HI,9,https://www.quicktransportsolutions.com//truckingcompany/hawaii/s-w-trucking-and-equipment-usdot-2341253.php
HI,9,https://www.quicktransportsolutions.com//truckingcompany/hawaii/heleuma-industrial-services-llc-usdot-3967755.php
HI,9,https://www.quicktransportsolutions.com//truckingcompany/hawaii/help-u-move-hawaii-llc-usdot-3414125.php
HI,9,https://www.quicktransportsolutions.com//truckingcompany/hawaii/hi-demand-transport-services-llp-usdot-2985882.php
HI,9,https://www.quicktransportsolutions.com//truckingcompany/hawaii/high-performance-hauling-usdot-3255819.php
HI,9,https://www.quicktransportsolutions.com//truckingcompany/hawaii/hirayama-bros-electric-usdot-2572605.php
HI,10,https://www.quicktransportsolutions.com//truckingcompany/hawaii/hiroshima-trucking-llc-usdot-1913298.php
HI,10,https://www.quicktransportsolutions.com//truckingcompany/hawaii/hk-trucking-usdot-403328.php
HI,10,https://www.quicktransportsolutions.com//truckingcompany/hawaii/hoomau-trucking-llc-usdot-3136014.php
HI,10,https://www.quicktransportsolutions.com//truckingcompany/hawaii/hoku-express-inc-usdot-680129.php
HI,10,https://www.quicktransportsolutions.com//truckingcompany/hawaii/hokulani-hauling-hi-llc-usdot-1498884.php
HI,10,https://www.quicktransportsolutions.com//truckingcompany/hawaii/professional-commercial-services-usdot-2294487.php
HI,10,https://www.quicktransportsolutions.com//truckingcompany/hawaii/holoholo-trucking-llc-usdot-4001666.php
HI,10,https://www.quicktransportsolutions.com//truckingcompany/hawaii/honolulu-disposal-service-inc-usdot-616439.php
HI,10,https://www.quicktransportsolutions.com//truckingcompany/hawaii/honolulu-express-llc-usdot-1416769.php
HI,10,https://www.quicktransportsolutions.com//truckingcompany/hawaii/honolulu-freight-service-usdot-105287.php
HI,10,https://www.quicktransportsolutions.com//truckingcompany/hawaii/honolulu-trucking-usdot-1729199.php
HI,10,https://www.quicktransportsolutions.com//truckingcompany/hawaii/hookipa-transportation-services-llc-usdot-2521046.php
HI,10,https://www.quicktransportsolutions.com//truckingcompany/hawaii/hpc-foods-ltd-usdot-741045.php
HI,10,https://www.quicktransportsolutions.com//truckingcompany/hawaii/aloha-products-usdot-2087326.php
HI,10,https://www.quicktransportsolutions.com//truckingcompany/hawaii/i-alone-services-of-hawaii-llc-usdot-3424809.php
HI,10,https://www.quicktransportsolutions.com//truckingcompany/hawaii/ideal-innovation-llc-usdot-3326192.php
HI,10,https://www.quicktransportsolutions.com//truckingcompany/hawaii/ilaes-trucking-llc-usdot-1810957.php
HI,10,https://www.quicktransportsolutions.com//truckingcompany/hawaii/imperial-trucking-inc-usdot-132877.php
HI,10,https://www.quicktransportsolutions.com//truckingcompany/hawaii/iniki-demolition-abatement-service-usdot-1897659.php
HI,10,https://www.quicktransportsolutions.com//truckingcompany/hawaii/international-express-inc-usdot-30305.php
HI,10,https://www.quicktransportsolutions.com//truckingcompany/hawaii/none-usdot-4042441.php
HI,10,https://www.quicktransportsolutions.com//truckingcompany/hawaii/iron-rod-services-llc-usdot-4031373.php
HI,10,https://www.quicktransportsolutions.com//truckingcompany/hawaii/daily-trucking-usdot-1077887.php
HI,10,https://www.quicktransportsolutions.com//truckingcompany/hawaii/island-cold-storage-llc-usdot-2190838.php
HI,10,https://www.quicktransportsolutions.com//truckingcompany/hawaii/island-demo-inc-usdot-1299640.php
HI,10,https://www.quicktransportsolutions.com//truckingcompany/hawaii/island-freight-services-inc-usdot-758043.php
HI,10,https://www.quicktransportsolutions.com//truckingcompany/hawaii/island-hauling-inc-usdot-1823722.php
HI,10,https://www.quicktransportsolutions.com//truckingcompany/hawaii/island-lowboy-and-trucking-llc-usdot-1648752.php
HI,10,https://www.quicktransportsolutions.com//truckingcompany/hawaii/propane-man-usdot-2545818.php
HI,10,https://www.quicktransportsolutions.com//truckingcompany/hawaii/island-movers-inc-usdot-105271.php
HI,10,https://www.quicktransportsolutions.com//truckingcompany/hawaii/island-recycling-inc-usdot-616441.php
HI,10,https://www.quicktransportsolutions.com//truckingcompany/hawaii/island-transport-systems-usdot-663067.php
HI,10,https://www.quicktransportsolutions.com//truckingcompany/hawaii/island-wide-furnishings-llc-usdot-3801287.php
HI,10,https://www.quicktransportsolutions.com//truckingcompany/hawaii/islandwide-courier-inc-usdot-1469133.php
HI,10,https://www.quicktransportsolutions.com//truckingcompany/hawaii/ito-en-hawaii-llc-usdot-531857.php
HI,10,https://www.quicktransportsolutions.com//truckingcompany/hawaii/j-s-express-llc-usdot-3754949.php
HI,11,https://www.quicktransportsolutions.com//truckingcompany/hawaii/j-s-trucking-llc-usdot-1942858.php
HI,11,https://www.quicktransportsolutions.com//truckingcompany/hawaii/j-jeremiah-trucking-co-inc-usdot-1940111.php
HI,11,https://www.quicktransportsolutions.com//truckingcompany/hawaii/snap-on-tools-usdot-3755617.php
HI,11,https://www.quicktransportsolutions.com//truckingcompany/hawaii/j-salgado-trucking-llc-usdot-4052886.php
HI,11,https://www.quicktransportsolutions.com//truckingcompany/hawaii/jg-trucking-llc-usdot-3249611.php
HI,11,https://www.quicktransportsolutions.com//truckingcompany/hawaii/jn-hauling-llc-usdot-2207233.php
HI,11,https://www.quicktransportsolutions.com//truckingcompany/hawaii/jn-hauling-llc-usdot-3540897.php
HI,11,https://www.quicktransportsolutions.com//truckingcompany/hawaii/js-islandwide-services-usdot-1148380.php
HI,11,https://www.quicktransportsolutions.com//truckingcompany/hawaii/jasba-llc-usdot-4021904.php
HI,11,https://www.quicktransportsolutions.com//truckingcompany/hawaii/jay-lo-trucking-llc-usdot-1605647.php
HI,11,https://www.quicktransportsolutions.com//truckingcompany/hawaii/jc-trucking-llc-usdot-1403103.php
HI,11,https://www.quicktransportsolutions.com//truckingcompany/hawaii/jimmys-razorback-pumping-services-inc-usdot-1397986.php
HI,11,https://www.quicktransportsolutions.com//truckingcompany/hawaii/jm-trucking-llc-usdot-2918953.php
HI,11,https://www.quicktransportsolutions.com//truckingcompany/hawaii/jn-transport-inc-usdot-1476395.php
HI,11,https://www.quicktransportsolutions.com//truckingcompany/hawaii/jnr-moves-hi-usdot-3172990.php
HI,11,https://www.quicktransportsolutions.com//truckingcompany/hawaii/joel-trucking-llc-usdot-1749579.php
HI,11,https://www.quicktransportsolutions.com//truckingcompany/hawaii/nice-tour-and-limo-service-usdot-2056284.php
HI,11,https://www.quicktransportsolutions.com//truckingcompany/hawaii/no-limit-trucking-llc-usdot-1454034.php
HI,11,https://www.quicktransportsolutions.com//truckingcompany/hawaii/johnson-brothers-of-hawaii-inc-usdot-608214.php
HI,11,https://www.quicktransportsolutions.com//truckingcompany/hawaii/jokis-tour-and-limousine-services-inc-usdot-2132944.php
HI,11,https://www.quicktransportsolutions.com//truckingcompany/hawaii/jordan-sons-trucking-usdot-3166158.php
HI,11,https://www.quicktransportsolutions.com//truckingcompany/hawaii/j-aguiar-trucking-llc-usdot-1341540.php
HI,11,https://www.quicktransportsolutions.com//truckingcompany/hawaii/kona-hauling-and-delivery-service-usdot-4127443.php
HI,11,https://www.quicktransportsolutions.com//truckingcompany/hawaii/blue-bull-trucking-usdot-2094343.php
HI,11,https://www.quicktransportsolutions.com//truckingcompany/hawaii/k-and-j-wholesale-co-ltd-usdot-3948243.php
HI,11,https://www.quicktransportsolutions.com//truckingcompany/hawaii/k-dubs-llc-usdot-3003032.php
HI,11,https://www.quicktransportsolutions.com//truckingcompany/hawaii/abraham-rivera-jr-kahanu-tucking-service-dba-usdot-2951312.php
HI,11,https://www.quicktransportsolutions.com//truckingcompany/hawaii/kahikinas-trucking-llc-usdot-4031101.php
HI,11,https://www.quicktransportsolutions.com//truckingcompany/hawaii/kahili-trucking-inc-usdot-2112476.php
HI,11,https://www.quicktransportsolutions.com//truckingcompany/hawaii/kahu-trucking-llc-usdot-1316718.php
HI,11,https://www.quicktransportsolutions.com//truckingcompany/hawaii/kahua-ranch-ltd-usdot-245516.php
HI,11,https://www.quicktransportsolutions.com//truckingcompany/hawaii/kahului-fast-transfers-llc-usdot-1465659.php
HI,11,https://www.quicktransportsolutions.com//truckingcompany/hawaii/kahului-trucking-storage-inc-usdot-130938.php
HI,11,https://www.quicktransportsolutions.com//truckingcompany/hawaii/kais-trucking-llc-usdot-1953191.php
HI,11,https://www.quicktransportsolutions.com//truckingcompany/hawaii/kalama-ohana-services-usdot-3931633.php
HI,11,https://www.quicktransportsolutions.com//truckingcompany/hawaii/kali-corp-usdot-1104981.php
HI,12,https://www.quicktransportsolutions.com//truckingcompany/hawaii/kamaaina-termite-pest-control-usdot-2056201.php
HI,12,https://www.quicktransportsolutions.com//truckingcompany/hawaii/kamalii-trucking-rentals-corp-usdot-1682717.php
HI,12,https://www.quicktransportsolutions.com//truckingcompany/hawaii/kahua-beef-usdot-139112.php
HI,12,https://www.quicktransportsolutions.com//truckingcompany/hawaii/kamuela-roll-offs-llc-usdot-3741519.php
HI,12,https://www.quicktransportsolutions.com//truckingcompany/hawaii/kamuela-services-llc-usdot-3340919.php
HI,12,https://www.quicktransportsolutions.com//truckingcompany/hawaii/kamuela-trucking-inc-usdot-1855388.php
HI,12,https://www.quicktransportsolutions.com//truckingcompany/hawaii/kanai-trucking-llc-usdot-2256619.php
HI,12,https://www.quicktransportsolutions.com//truckingcompany/hawaii/kaneakua-trucking-usdot-2838395.php
HI,12,https://www.quicktransportsolutions.com//truckingcompany/hawaii/kani-inc-usdot-2939423.php
HI,12,https://www.quicktransportsolutions.com//truckingcompany/hawaii/kapaa-trucking-inc-usdot-1583181.php
HI,12,https://www.quicktransportsolutions.com//truckingcompany/hawaii/kau-express-inc-usdot-62959.php
HI,12,https://www.quicktransportsolutions.com//truckingcompany/hawaii/kauai-acquisitions-llc-usdot-2049280.php
HI,12,https://www.quicktransportsolutions.com//truckingcompany/hawaii/kauai-freight-service-inc-usdot-284797.php
HI,12,https://www.quicktransportsolutions.com//truckingcompany/hawaii/kauai-veterans-express-co-ltd-usdot-62960.php
HI,12,https://www.quicktransportsolutions.com//truckingcompany/hawaii/kawano-trucking-usdot-62993.php
HI,12,https://www.quicktransportsolutions.com//truckingcompany/hawaii/kawao-trucking-llc-usdot-1794803.php
HI,12,https://www.quicktransportsolutions.com//truckingcompany/hawaii/honolulu-crane-service-usdot-3923687.php
HI,12,https://www.quicktransportsolutions.com//truckingcompany/hawaii/ke-ola-hou-trucking-llc-usdot-3084963.php
HI,12,https://www.quicktransportsolutions.com//truckingcompany/hawaii/keaau-service-station-inc-usdot-762035.php
HI,12,https://www.quicktransportsolutions.com//truckingcompany/hawaii/kealoha-transfer-inc-usdot-2453048.php
HI,12,https://www.quicktransportsolutions.com//truckingcompany/hawaii/kekai-logistics-inc-usdot-4118983.php
HI,12,https://www.quicktransportsolutions.com//truckingcompany/hawaii/kekais-pumping-usdot-4122533.php
HI,12,https://www.quicktransportsolutions.com//truckingcompany/hawaii/kelii-trucking-llc-usdot-1474221.php
HI,12,https://www.quicktransportsolutions.com//truckingcompany/hawaii/keohohou-brothers-inc-usdot-1582152.php
HI,12,https://www.quicktransportsolutions.com//truckingcompany/hawaii/hfm-foodservice-usdot-151130.php
HI,12,https://www.quicktransportsolutions.com//truckingcompany/hawaii/malama-junk-removal-usdot-4101764.php
HI,12,https://www.quicktransportsolutions.com//truckingcompany/hawaii/kgml-back-hoe-services-llc-usdot-1547830.php
HI,12,https://www.quicktransportsolutions.com//truckingcompany/hawaii/structure-movers-hawaii-usdot-550446.php
HI,12,https://www.quicktransportsolutions.com//truckingcompany/hawaii/kili-trucking-llc-usdot-3831796.php
HI,12,https://www.quicktransportsolutions.com//truckingcompany/hawaii/king-food-service-inc-usdot-335292.php
HI,12,https://www.quicktransportsolutions.com//truckingcompany/hawaii/kni-trucking-and-services-llc-usdot-3056648.php
HI,12,https://www.quicktransportsolutions.com//truckingcompany/hawaii/knight-transport-usdot-1307837.php
HI,12,https://www.quicktransportsolutions.com//truckingcompany/hawaii/koa-trading-company-inc-usdot-332460.php
HI,12,https://www.quicktransportsolutions.com//truckingcompany/hawaii/kobayashi-trucking-and-equipment-inc-usdot-1660245.php
HI,12,https://www.quicktransportsolutions.com//truckingcompany/hawaii/k-k-distributors-usdot-1190182.php
HI,12,https://www.quicktransportsolutions.com//truckingcompany/hawaii/kona-trans-usdot-62963.php
HI,13,https://www.quicktransportsolutions.com//truckingcompany/hawaii/krc-services-llc-usdot-4106446.php
HI,13,https://www.quicktransportsolutions.com//truckingcompany/hawaii/kristo-trucking-llc-usdot-3395592.php
HI,13,https://www.quicktransportsolutions.com//truckingcompany/hawaii/maui-tow-and-transport-co-usdot-1384132.php
HI,13,https://www.quicktransportsolutions.com//truckingcompany/hawaii/ktm-services-inc-usdot-3770246.php
HI,13,https://www.quicktransportsolutions.com//truckingcompany/hawaii/ku-trucking-inc-usdot-2633382.php
HI,13,https://www.quicktransportsolutions.com//truckingcompany/hawaii/kuaana-trucking-inc-usdot-2169291.php
HI,13,https://www.quicktransportsolutions.com//truckingcompany/hawaii/kukonu-trucking-llc-usdot-3075364.php
HI,13,https://www.quicktransportsolutions.com//truckingcompany/hawaii/kula-produce-co-ltd-usdot-330715.php
HI,13,https://www.quicktransportsolutions.com//truckingcompany/hawaii/kuwaye-trucking-inc-usdot-62964.php
HI,13,https://www.quicktransportsolutions.com//truckingcompany/hawaii/k-yamada-distributors-usdot-664934.php
HI,13,https://www.quicktransportsolutions.com//truckingcompany/hawaii/l-jo-crew-trucking-llc-usdot-2340410.php
HI,13,https://www.quicktransportsolutions.com//truckingcompany/hawaii/l-pontanilla-trucking-llc-usdot-3301106.php
HI,13,https://www.quicktransportsolutions.com//truckingcompany/hawaii/laie-trucking-and-ready-mix-co-ltd-usdot-1247137.php
HI,13,https://www.quicktransportsolutions.com//truckingcompany/hawaii/lanai-oil-company-inc-usdot-2265056.php
HI,13,https://www.quicktransportsolutions.com//truckingcompany/hawaii/laulea-trucking-llc-usdot-1793074.php
HI,13,https://www.quicktransportsolutions.com//truckingcompany/hawaii/lbc-mabuhay-hawaii-corporation-usdot-2973040.php
HI,13,https://www.quicktransportsolutions.com//truckingcompany/hawaii/leeward-auto-wreckers-inc-usdot-1357368.php
HI,13,https://www.quicktransportsolutions.com//truckingcompany/hawaii/leongs-trucking-services-llc-usdot-2329107.php
HI,13,https://www.quicktransportsolutions.com//truckingcompany/hawaii/lions-limousine-transportation-inc-usdot-1703716.php
HI,13,https://www.quicktransportsolutions.com//truckingcompany/hawaii/live-green-recycling-hawaii-llc-usdot-4013931.php
HI,13,https://www.quicktransportsolutions.com//truckingcompany/hawaii/loaa-enterprises-inc-usdot-3889268.php
HI,13,https://www.quicktransportsolutions.com//truckingcompany/hawaii/london-logistics-llc-usdot-3944326.php
HI,13,https://www.quicktransportsolutions.com//truckingcompany/hawaii/lopez-trucking-sons-llc-usdot-3797735.php
HI,13,https://www.quicktransportsolutions.com//truckingcompany/hawaii/lrt-trucking-services-llc-usdot-3387438.php
HI,13,https://www.quicktransportsolutions.com//truckingcompany/hawaii/ltr-services-llc-usdot-4102694.php
HI,13,https://www.quicktransportsolutions.com//truckingcompany/hawaii/m-and-m-tow-llc-usdot-3854633.php
HI,13,https://www.quicktransportsolutions.com//truckingcompany/hawaii/m-dyer-sons-inc-usdot-105265.php
HI,13,https://www.quicktransportsolutions.com//truckingcompany/hawaii/m-funes-trucking-llc-usdot-1877939.php
HI,13,https://www.quicktransportsolutions.com//truckingcompany/hawaii/m4-services-llc-usdot-2055891.php
HI,13,https://www.quicktransportsolutions.com//truckingcompany/hawaii/mahana-trucking-llc-usdot-2119735.php
HI,13,https://www.quicktransportsolutions.com//truckingcompany/hawaii/maile-trucking-inc-usdot-2254062.php
HI,13,https://www.quicktransportsolutions.com//truckingcompany/hawaii/maka-pueo-llc-usdot-1322687.php
HI,13,https://www.quicktransportsolutions.com//truckingcompany/hawaii/maluhia-trucking-llc-usdot-3891046.php
HI,13,https://www.quicktransportsolutions.com//truckingcompany/hawaii/manaba-enterprises-inc-usdot-1416694.php
HI,13,https://www.quicktransportsolutions.com//truckingcompany/hawaii/manson-products-company-inc-usdot-3634410.php
HI,13,https://www.quicktransportsolutions.com//truckingcompany/hawaii/marcz-transport-llc-usdot-3818308.php
HI,14,https://www.quicktransportsolutions.com//truckingcompany/hawaii/marjorie-scoville-dba-808-hauling-services-usdot-3786579.php
HI,14,https://www.quicktransportsolutions.com//truckingcompany/hawaii/mark-whinery-usdot-685926.php
HI,14,https://www.quicktransportsolutions.com//truckingcompany/hawaii/masa-trucking-llc-usdot-3898931.php
HI,14,https://www.quicktransportsolutions.com//truckingcompany/hawaii/masems-da-truck-llc-usdot-1777115.php
HI,14,https://www.quicktransportsolutions.com//truckingcompany/hawaii/kone-inc-usdot-2147158.php
HI,14,https://www.quicktransportsolutions.com//truckingcompany/hawaii/swains-trucking-usdot-1643408.php
HI,14,https://www.quicktransportsolutions.com//truckingcompany/hawaii/matsumoto-trucking-llc-usdot-3342394.php
HI,14,https://www.quicktransportsolutions.com//truckingcompany/hawaii/maui-electric-company-ltd-usdot-413054.php
HI,14,https://www.quicktransportsolutions.com//truckingcompany/hawaii/maui-logistics-llc-usdot-2577696.php
HI,14,https://www.quicktransportsolutions.com//truckingcompany/hawaii/maui-oil-company-inc-usdot-1791195.php
HI,14,https://www.quicktransportsolutions.com//truckingcompany/hawaii/maui-roll-off-dumpsters-llc-usdot-4101798.php
HI,14,https://www.quicktransportsolutions.com//truckingcompany/hawaii/maui-soda-ice-works-ltd-usdot-534559.php
HI,14,https://www.quicktransportsolutions.com//truckingcompany/hawaii/maui-waste-systems-inc-usdot-4087720.php
HI,14,https://www.quicktransportsolutions.com//truckingcompany/hawaii/maunalei-trucking-inc-usdot-742135.php
HI,14,https://www.quicktransportsolutions.com//truckingcompany/hawaii/mbt-llc-usdot-942224.php
HI,14,https://www.quicktransportsolutions.com//truckingcompany/hawaii/martin-transportation-services-usdot-1402201.php
HI,14,https://www.quicktransportsolutions.com//truckingcompany/hawaii/armanis-trucking-usdot-4127903.php
HI,14,https://www.quicktransportsolutions.com//truckingcompany/hawaii/mercantile-freight-service-usdot-413013.php
HI,14,https://www.quicktransportsolutions.com//truckingcompany/hawaii/mercantile-trucking-service-limited-usdot-62968.php
HI,14,https://www.quicktransportsolutions.com//truckingcompany/hawaii/alliance-trucking-usdot-987412.php
HI,14,https://www.quicktransportsolutions.com//truckingcompany/hawaii/mid-pac-petroleum-llc-usdot-2551968.php
HI,14,https://www.quicktransportsolutions.com//truckingcompany/hawaii/mihara-transfer-incorporated-usdot-62971.php
HI,14,https://www.quicktransportsolutions.com//truckingcompany/hawaii/mikaele-trucking-llc-usdot-2921590.php
HI,14,https://www.quicktransportsolutions.com//truckingcompany/hawaii/mikeys-trucking-llc-usdot-3952771.php
HI,14,https://www.quicktransportsolutions.com//truckingcompany/hawaii/mkl-trucking-inc-usdot-983013.php
HI,14,https://www.quicktransportsolutions.com//truckingcompany/hawaii/modern-macaroni-co-ltd-usdot-369632.php
HI,14,https://www.quicktransportsolutions.com//truckingcompany/hawaii/moku-boyz-trucking-llc-usdot-3407452.php
HI,14,https://www.quicktransportsolutions.com//truckingcompany/hawaii/moniz-trucking-llc-usdot-1709937.php
HI,14,https://www.quicktransportsolutions.com//truckingcompany/hawaii/movers-inc-usdot-167343.php
HI,14,https://www.quicktransportsolutions.com//truckingcompany/hawaii/mpd-inc-usdot-1180024.php
HI,14,https://www.quicktransportsolutions.com//truckingcompany/hawaii/murray-ag-inc-usdot-618485.php
HI,14,https://www.quicktransportsolutions.com//truckingcompany/hawaii/n-and-c-trucking-and-services-llc-usdot-995002.php
HI,14,https://www.quicktransportsolutions.com//truckingcompany/hawaii/n-d-s-nations-delivery-services-llc-usdot-3361209.php
HI,14,https://www.quicktransportsolutions.com//truckingcompany/hawaii/n-fukunagas-trucking-llc-usdot-1759534.php
HI,14,https://www.quicktransportsolutions.com//truckingcompany/hawaii/na-kane-trucking-inc-usdot-1701489.php
HI,14,https://www.quicktransportsolutions.com//truckingcompany/hawaii/narvaez-ranch-service-llc-usdot-1408408.php
HI,15,https://www.quicktransportsolutions.com//truckingcompany/hawaii/makoa-trucking-services-usdot-1984488.php
HI,15,https://www.quicktransportsolutions.com//truckingcompany/hawaii/nicks-hauling-services-llc-usdot-1187249.php
HI,15,https://www.quicktransportsolutions.com//truckingcompany/hawaii/niking-corporation-usdot-2276497.php
HI,15,https://www.quicktransportsolutions.com//truckingcompany/hawaii/niles-hauling-llc-usdot-1644877.php
HI,15,https://www.quicktransportsolutions.com//truckingcompany/hawaii/njjm-hauling-services-llc-usdot-1682735.php
HI,15,https://www.quicktransportsolutions.com//truckingcompany/hawaii/noas-trucking-llc-usdot-3462504.php
HI,15,https://www.quicktransportsolutions.com//truckingcompany/hawaii/nobbyland-llc-usdot-3729539.php
HI,15,https://www.quicktransportsolutions.com//truckingcompany/hawaii/nohili-trucking-llc-usdot-2339074.php
HI,15,https://www.quicktransportsolutions.com//truckingcompany/hawaii/nokaoi-trucking-inc-usdot-807978.php
HI,15,https://www.quicktransportsolutions.com//truckingcompany/hawaii/north-america-transport-systems-llc-usdot-2242705.php
HI,15,https://www.quicktransportsolutions.com//truckingcompany/hawaii/north-star-trucking-llc-usdot-2094041.php
HI,15,https://www.quicktransportsolutions.com//truckingcompany/hawaii/oahu-express-ltd-usdot-207207.php
HI,15,https://www.quicktransportsolutions.com//truckingcompany/hawaii/oasis-environmental-group-llc-usdot-2284875.php
HI,15,https://www.quicktransportsolutions.com//truckingcompany/hawaii/og-trucking-usdot-3581551.php
HI,15,https://www.quicktransportsolutions.com//truckingcompany/hawaii/ohana-express-shuttle-tour-service-llc-usdot-2150546.php
HI,15,https://www.quicktransportsolutions.com//truckingcompany/hawaii/ohana-freight-llc-usdot-2908762.php
HI,15,https://www.quicktransportsolutions.com//truckingcompany/hawaii/ohana-trucking-llc-usdot-1175334.php
HI,15,https://www.quicktransportsolutions.com//truckingcompany/hawaii/okada-trucking-company-limited-usdot-151463.php
HI,15,https://www.quicktransportsolutions.com//truckingcompany/hawaii/onipaa-transportation-corp-usdot-1180097.php
HI,15,https://www.quicktransportsolutions.com//truckingcompany/hawaii/orchid-isle-excavation-llc-usdot-3896172.php
HI,15,https://www.quicktransportsolutions.com//truckingcompany/hawaii/oriental-food-distributor-inc-usdot-966779.php
HI,15,https://www.quicktransportsolutions.com//truckingcompany/hawaii/pacific-agricultural-sales-services-inc-usdot-1017314.php
HI,15,https://www.quicktransportsolutions.com//truckingcompany/hawaii/pacific-biodiesel-logistics-llc-usdot-2309788.php
HI,15,https://www.quicktransportsolutions.com//truckingcompany/hawaii/pacific-boats-yachts-llc-usdot-3844368.php
HI,15,https://www.quicktransportsolutions.com//truckingcompany/hawaii/hawaii-moving-delivery-service-usdot-1469473.php
HI,15,https://www.quicktransportsolutions.com//truckingcompany/hawaii/pacific-coast-trucking-inc-usdot-372142.php
HI,15,https://www.quicktransportsolutions.com//truckingcompany/hawaii/pacific-commercial-services-llc-usdot-1017189.php
HI,15,https://www.quicktransportsolutions.com//truckingcompany/hawaii/pacific-express-incorporated-usdot-62982.php
HI,15,https://www.quicktransportsolutions.com//truckingcompany/hawaii/pacific-industrial-equipment-usdot-4114401.php
HI,15,https://www.quicktransportsolutions.com//truckingcompany/hawaii/pacific-island-movers-llc-usdot-2080640.php
HI,15,https://www.quicktransportsolutions.com//truckingcompany/hawaii/pacific-isle-delivery-inc-usdot-642878.php
HI,15,https://www.quicktransportsolutions.com//truckingcompany/hawaii/pacific-isles-equipment-rentals-inc-usdot-1616095.php
HI,15,https://www.quicktransportsolutions.com//truckingcompany/hawaii/pacific-transfer-usdot-189377.php
HI,15,https://www.quicktransportsolutions.com//truckingcompany/hawaii/pacific-transportation-services-inc-usdot-942227.php
HI,15,https://www.quicktransportsolutions.com//truckingcompany/hawaii/pacific-trucking-inc-usdot-1412149.php
HI,15,https://www.quicktransportsolutions.com//truckingcompany/hawaii/pacific-waste-systems-usdot-3478024.php
HI,16,https://www.quicktransportsolutions.com//truckingcompany/hawaii/pacis-trucking-inc-usdot-1665692.php
HI,16,https://www.quicktransportsolutions.com//truckingcompany/hawaii/pacis-trucking-incorporated-usdot-3618852.php
HI,16,https://www.quicktransportsolutions.com//truckingcompany/hawaii/paling-sons-trucking-equipment-rentals-llc-usdot-615007.php
HI,16,https://www.quicktransportsolutions.com//truckingcompany/hawaii/pangan-hauling-usdot-4023659.php
HI,16,https://www.quicktransportsolutions.com//truckingcompany/hawaii/paradise-host-services-llc-usdot-4048508.php
HI,16,https://www.quicktransportsolutions.com//truckingcompany/hawaii/paradise-trucking-service-inc-usdot-266119.php
HI,16,https://www.quicktransportsolutions.com//truckingcompany/hawaii/parker-ranch-inc-usdot-2375763.php
HI,16,https://www.quicktransportsolutions.com//truckingcompany/hawaii/hawaii-super-transit-usdot-2079290.php
HI,16,https://www.quicktransportsolutions.com//truckingcompany/hawaii/kia-truck-rental-usdot-1607853.php
HI,16,https://www.quicktransportsolutions.com//truckingcompany/hawaii/ais-usdot-3705602.php
HI,16,https://www.quicktransportsolutions.com//truckingcompany/hawaii/patterson-construction-trucking-inc-usdot-830731.php
HI,16,https://www.quicktransportsolutions.com//truckingcompany/hawaii/peter-de-luz-ranch-usdot-2339448.php
HI,16,https://www.quicktransportsolutions.com//truckingcompany/hawaii/bei-hawaii-usdot-995387.php
HI,16,https://www.quicktransportsolutions.com//truckingcompany/hawaii/honolulu-transfer-storage-usdot-105274.php
HI,16,https://www.quicktransportsolutions.com//truckingcompany/hawaii/pinky-tows-pacific-usdot-3335803.php
HI,16,https://www.quicktransportsolutions.com//truckingcompany/hawaii/pinpoint-marketing-llc-usdot-2210915.php
HI,16,https://www.quicktransportsolutions.com//truckingcompany/hawaii/dc-express-usdot-1397553.php
HI,16,https://www.quicktransportsolutions.com//truckingcompany/hawaii/pk-trucking-services-llc-usdot-1613097.php
HI,16,https://www.quicktransportsolutions.com//truckingcompany/hawaii/pns-ii-trucking-inc-usdot-3924377.php
HI,16,https://www.quicktransportsolutions.com//truckingcompany/hawaii/pohaku-equipment-services-llc-usdot-3777983.php
HI,16,https://www.quicktransportsolutions.com//truckingcompany/hawaii/ptsi-usdot-986609.php
HI,16,https://www.quicktransportsolutions.com//truckingcompany/hawaii/porkys-trucking-llc-usdot-1999941.php
HI,16,https://www.quicktransportsolutions.com//truckingcompany/hawaii/precision-moving-and-storage-inc-usdot-1323629.php
HI,16,https://www.quicktransportsolutions.com//truckingcompany/hawaii/preferred-transportation-services-inc-usdot-2926199.php
HI,16,https://www.quicktransportsolutions.com//truckingcompany/hawaii/premier-hauling-services-llc-usdot-2893961.php
HI,16,https://www.quicktransportsolutions.com//truckingcompany/hawaii/prime-deliveriesllc-usdot-4076715.php
HI,16,https://www.quicktransportsolutions.com//truckingcompany/hawaii/primo-distributing-company-incorporated-usdot-150926.php
HI,16,https://www.quicktransportsolutions.com//truckingcompany/hawaii/professional-commercial-services-inc-usdot-2017135.php
HI,16,https://www.quicktransportsolutions.com//truckingcompany/hawaii/gibson-services-usdot-4122223.php
HI,16,https://www.quicktransportsolutions.com//truckingcompany/hawaii/puaa-trucking-inc-usdot-1096363.php
HI,16,https://www.quicktransportsolutions.com//truckingcompany/hawaii/pule-trucking-llc-usdot-2589151.php
HI,16,https://www.quicktransportsolutions.com//truckingcompany/hawaii/puna-certified-nursery-inc-usdot-758083.php
HI,16,https://www.quicktransportsolutions.com//truckingcompany/hawaii/puu-waa-waa-cattle-company-llc-usdot-2051476.php
HI,16,https://www.quicktransportsolutions.com//truckingcompany/hawaii/quick-move-inc-usdot-635607.php
HI,16,https://www.quicktransportsolutions.com//truckingcompany/hawaii/quicktow-llc-usdot-2584816.php
HI,16,https://www.quicktransportsolutions.com//truckingcompany/hawaii/r-c-trucking-incorporated-usdot-1756274.php
HI,17,https://www.quicktransportsolutions.com//truckingcompany/hawaii/r-j-yard-maintenance-services-llc-usdot-4123927.php
HI,17,https://www.quicktransportsolutions.com//truckingcompany/hawaii/r-ka-equipment-usdot-1396412.php
HI,17,https://www.quicktransportsolutions.com//truckingcompany/hawaii/r-panui-trucking-llc-usdot-2965863.php
HI,17,https://www.quicktransportsolutions.com//truckingcompany/hawaii/r-r-express-trucking-service-corporation-usdot-529224.php
HI,17,https://www.quicktransportsolutions.com//truckingcompany/hawaii/re-trucking-express-llc-usdot-3629255.php
HI,17,https://www.quicktransportsolutions.com//truckingcompany/hawaii/rainbow-auto-repair-inc-usdot-2493102.php
HI,17,https://www.quicktransportsolutions.com//truckingcompany/hawaii/royal-star-hawaii-motorcoach-toursdestination-services-usdot-928398.php
HI,17,https://www.quicktransportsolutions.com//truckingcompany/hawaii/rds-transport-services-usdot-3948279.php
HI,17,https://www.quicktransportsolutions.com//truckingcompany/hawaii/redline-automotive-usdot-1382205.php
HI,17,https://www.quicktransportsolutions.com//truckingcompany/hawaii/redo-express-inc-usdot-129692.php
HI,17,https://www.quicktransportsolutions.com//truckingcompany/hawaii/rrr-recycling-services-usdot-1471626.php
HI,17,https://www.quicktransportsolutions.com//truckingcompany/hawaii/reliance-couriers-llc-usdot-3291432.php
HI,17,https://www.quicktransportsolutions.com//truckingcompany/hawaii/reliant-trucking-incorporated-usdot-2372676.php
HI,17,https://www.quicktransportsolutions.com//truckingcompany/hawaii/rnr-transport-services-llc-usdot-3182915.php
HI,17,https://www.quicktransportsolutions.com//truckingcompany/hawaii/roadrunner-engery-llc-usdot-4119476.php
HI,17,https://www.quicktransportsolutions.com//truckingcompany/hawaii/robellos-enterprise-llc-usdot-677767.php
HI,17,https://www.quicktransportsolutions.com//truckingcompany/hawaii/town-country-hauling-usdot-496733.php
HI,17,https://www.quicktransportsolutions.com//truckingcompany/hawaii/ameritone-maui-usdot-1121457.php
HI,17,https://www.quicktransportsolutions.com//truckingcompany/hawaii/wick-rice-cabinetry-usdot-3941495.php
HI,17,https://www.quicktransportsolutions.com//truckingcompany/hawaii/roberto-lamug-usdot-1732106.php
HI,17,https://www.quicktransportsolutions.com//truckingcompany/hawaii/roberts-hawaii-usdot-896559.php
HI,17,https://www.quicktransportsolutions.com//truckingcompany/hawaii/rojac-trucking-inc-usdot-1984692.php
HI,17,https://www.quicktransportsolutions.com//truckingcompany/hawaii/rolloffs-hawaii-inc-usdot-1620929.php
HI,17,https://www.quicktransportsolutions.com//truckingcompany/hawaii/royal-hawaiian-trucking-warehousing-usdot-227698.php
HI,17,https://www.quicktransportsolutions.com//truckingcompany/hawaii/royz-trucking-llc-usdot-1795654.php
HI,17,https://www.quicktransportsolutions.com//truckingcompany/hawaii/rpm-transportation-hawaii-inc-usdot-392419.php
HI,17,https://www.quicktransportsolutions.com//truckingcompany/hawaii/rtl-services-llc-usdot-2967750.php
HI,17,https://www.quicktransportsolutions.com//truckingcompany/hawaii/running-p-trucking-llc-usdot-2374270.php
HI,17,https://www.quicktransportsolutions.com//truckingcompany/hawaii/s-c-trucking-llc-usdot-3351001.php
HI,17,https://www.quicktransportsolutions.com//truckingcompany/hawaii/s-funes-equipment-inc-usdot-949618.php
HI,17,https://www.quicktransportsolutions.com//truckingcompany/hawaii/sr-trucking-llc-usdot-1003591.php
HI,17,https://www.quicktransportsolutions.com//truckingcompany/hawaii/safety-systems-and-signs-hawaii-inc-usdot-2342644.php
HI,17,https://www.quicktransportsolutions.com//truckingcompany/hawaii/saia-sons-llc-usdot-3442345.php
HI,17,https://www.quicktransportsolutions.com//truckingcompany/hawaii/samson-trucking-inc-usdot-2261796.php
HI,17,https://www.quicktransportsolutions.com//truckingcompany/hawaii/sansui-transportation-llc-usdot-1754488.php
HI,17,https://www.quicktransportsolutions.com//truckingcompany/hawaii/rma-sales-usdot-2043694.php
HI,18,https://www.quicktransportsolutions.com//truckingcompany/hawaii/declutter-hawaii-usdot-3876415.php
HI,18,https://www.quicktransportsolutions.com//truckingcompany/hawaii/ser-trucking-inc-usdot-879636.php
HI,18,https://www.quicktransportsolutions.com//truckingcompany/hawaii/toyota-hawaii-carriers-services-usdot-417852.php
HI,18,https://www.quicktransportsolutions.com//truckingcompany/hawaii/daehan-tongwoon-express-in-hawaii-usdot-1222351.php
HI,18,https://www.quicktransportsolutions.com//truckingcompany/hawaii/island-pool-spa-supply-usdot-420561.php
HI,18,https://www.quicktransportsolutions.com//truckingcompany/hawaii/wassies-trucking-usdot-1548389.php
HI,18,https://www.quicktransportsolutions.com//truckingcompany/hawaii/shimaya-shoten-limited-usdot-139365.php
HI,18,https://www.quicktransportsolutions.com//truckingcompany/hawaii/shoki-trucking-llc-usdot-3762958.php
HI,18,https://www.quicktransportsolutions.com//truckingcompany/hawaii/akamai-trucking-usdot-3089606.php
HI,18,https://www.quicktransportsolutions.com//truckingcompany/hawaii/sobel-westex-usdot-1281309.php
HI,18,https://www.quicktransportsolutions.com//truckingcompany/hawaii/souphap-thonavong-usdot-3761224.php
HI,18,https://www.quicktransportsolutions.com//truckingcompany/hawaii/spartan-hauling-llc-usdot-3576894.php
HI,18,https://www.quicktransportsolutions.com//truckingcompany/hawaii/splendor-tours-llc-usdot-2179895.php
HI,18,https://www.quicktransportsolutions.com//truckingcompany/hawaii/expediters-hawaii-usdot-1304032.php
HI,18,https://www.quicktransportsolutions.com//truckingcompany/hawaii/star-ice-soda-works-usdot-1687976.php
HI,18,https://www.quicktransportsolutions.com//truckingcompany/hawaii/pron-tow-service-usdot-4089941.php
HI,18,https://www.quicktransportsolutions.com//truckingcompany/hawaii/sun-fresh-hawaii-llc-usdot-1815050.php
HI,18,https://www.quicktransportsolutions.com//truckingcompany/hawaii/all-american-taxi-truck-usdot-819884.php
HI,18,https://www.quicktransportsolutions.com//truckingcompany/hawaii/super-express-company-limited-usdot-129885.php
HI,18,https://www.quicktransportsolutions.com//truckingcompany/hawaii/eds-super-tow-super-tow-llc-usdot-1437949.php
HI,18,https://www.quicktransportsolutions.com//truckingcompany/hawaii/support-services-group-llc-usdot-2351014.php
HI,18,https://www.quicktransportsolutions.com//truckingcompany/hawaii/surecan-llc-usdot-3536413.php
HI,18,https://www.quicktransportsolutions.com//truckingcompany/hawaii/t-f-tours-transportation-inc-usdot-2136419.php
HI,18,https://www.quicktransportsolutions.com//truckingcompany/hawaii/t-hara-and-company-llc-usdot-900352.php
HI,18,https://www.quicktransportsolutions.com//truckingcompany/hawaii/t-j-gomes-trucking-co-inc-usdot-950643.php
HI,18,https://www.quicktransportsolutions.com//truckingcompany/hawaii/t-j-trucking-equipment-usdot-1361102.php
HI,18,https://www.quicktransportsolutions.com//truckingcompany/hawaii/tk-trucking-and-services-llc-usdot-3416780.php
HI,18,https://www.quicktransportsolutions.com//truckingcompany/hawaii/tac-leasing-inc-usdot-2191900.php
HI,18,https://www.quicktransportsolutions.com//truckingcompany/hawaii/tagavilla-enterprises-llc-usdot-4044422.php
HI,18,https://www.quicktransportsolutions.com//truckingcompany/hawaii/tai-polythene-of-hawaii-inc-usdot-3753960.php
HI,18,https://www.quicktransportsolutions.com//truckingcompany/hawaii/tai-son-services-llc-usdot-4054384.php
HI,18,https://www.quicktransportsolutions.com//truckingcompany/hawaii/tajiri-demolition-and-disposal-llc-usdot-2570488.php
HI,18,https://www.quicktransportsolutions.com//truckingcompany/hawaii/takahashi-brothers-trucking-service-inc-usdot-236569.php
HI,18,https://www.quicktransportsolutions.com//truckingcompany/hawaii/takes-transportation-inc-usdot-132790.php
HI,18,https://www.quicktransportsolutions.com//truckingcompany/hawaii/tampos-trucking-inc-usdot-1795806.php
HI,18,https://www.quicktransportsolutions.com//truckingcompany/hawaii/tanner-whitman-services-llc-usdot-3838746.php
HI,19,https://www.quicktransportsolutions.com//truckingcompany/hawaii/tavares-trucking-inc-usdot-1094752.php
HI,19,https://www.quicktransportsolutions.com//truckingcompany/hawaii/tc-logistics-llc-usdot-2246091.php
HI,19,https://www.quicktransportsolutions.com//truckingcompany/hawaii/the-cherry-company-ltd-usdot-2582758.php
HI,19,https://www.quicktransportsolutions.com//truckingcompany/hawaii/the-trash-man-llc-usdot-2503296.php
HI,19,https://www.quicktransportsolutions.com//truckingcompany/hawaii/unishippers-of-hawaii-usdot-2242033.php
HI,19,https://www.quicktransportsolutions.com//truckingcompany/hawaii/kano-trucking-service-ltd-usdot-62992.php
HI,19,https://www.quicktransportsolutions.com//truckingcompany/hawaii/thomas-transport-service-usdot-1479399.php
HI,19,https://www.quicktransportsolutions.com//truckingcompany/hawaii/tibbitts-trucking-llc-usdot-2252251.php
HI,19,https://www.quicktransportsolutions.com//truckingcompany/hawaii/t-sapphire-usdot-4092630.php
HI,19,https://www.quicktransportsolutions.com//truckingcompany/hawaii/tonys-tow-llc-usdot-3871849.php
HI,19,https://www.quicktransportsolutions.com//truckingcompany/hawaii/top-notch-trucking-llc-usdot-1652139.php
HI,19,https://www.quicktransportsolutions.com//truckingcompany/hawaii/touchdown-trucking-inc-usdot-223280.php
HI,19,https://www.quicktransportsolutions.com//truckingcompany/hawaii/tow-4-sho-and-recovery-llc-usdot-3280004.php
HI,19,https://www.quicktransportsolutions.com//truckingcompany/hawaii/tradewind-deliveries-llc-usdot-3436143.php
HI,19,https://www.quicktransportsolutions.com//truckingcompany/hawaii/tradewinds-transport-hawaii-llc-usdot-4050624.php
HI,19,https://www.quicktransportsolutions.com//truckingcompany/hawaii/trans-quality-inc-usdot-529127.php
HI,19,https://www.quicktransportsolutions.com//truckingcompany/hawaii/crown-relocations-usdot-105284.php
HI,19,https://www.quicktransportsolutions.com//truckingcompany/hawaii/transportation-service-of-the-pacific-incorporated-usdot-128542.php
HI,19,https://www.quicktransportsolutions.com//truckingcompany/hawaii/tptransportation-usdot-618106.php
HI,19,https://www.quicktransportsolutions.com//truckingcompany/hawaii/haleakala-transportation-warehousing-usdot-62985.php
HI,19,https://www.quicktransportsolutions.com//truckingcompany/hawaii/triple-b-forwarders-usdot-1371021.php
HI,19,https://www.quicktransportsolutions.com//truckingcompany/hawaii/tropical-fish-emporium-llc-usdot-2908365.php
HI,19,https://www.quicktransportsolutions.com//truckingcompany/hawaii/tropical-fruites-distributors-of-hawaii-inc-usdot-139875.php
HI,19,https://www.quicktransportsolutions.com//truckingcompany/hawaii/truss-systems-usdot-912420.php
HI,19,https://www.quicktransportsolutions.com//truckingcompany/hawaii/tua-hawaii-llc-usdot-3025647.php
HI,19,https://www.quicktransportsolutions.com//truckingcompany/hawaii/turtle-dove-enterprise-usdot-696652.php
HI,19,https://www.quicktransportsolutions.com//truckingcompany/hawaii/tw-trucking-llc-usdot-3904730.php
HI,19,https://www.quicktransportsolutions.com//truckingcompany/hawaii/um-produce-inc-usdot-2584083.php
HI,19,https://www.quicktransportsolutions.com//truckingcompany/hawaii/uhane-paa-general-services-llc-usdot-3778837.php
HI,19,https://www.quicktransportsolutions.com//truckingcompany/hawaii/united-auto-parts-inc-usdot-1121470.php
HI,19,https://www.quicktransportsolutions.com//truckingcompany/hawaii/united-environmental-services-inc-usdot-1983252.php
HI,19,https://www.quicktransportsolutions.com//truckingcompany/hawaii/united-rim-transport-inc-usdot-509619.php
HI,19,https://www.quicktransportsolutions.com//truckingcompany/hawaii/unitek-usdot-462986.php
HI,19,https://www.quicktransportsolutions.com//truckingcompany/hawaii/unitek-supply-llc-usdot-2041686.php
HI,19,https://www.quicktransportsolutions.com//truckingcompany/hawaii/universal-delivery-service-inc-usdot-62984.php
HI,19,https://www.quicktransportsolutions.com//truckingcompany/hawaii/upward-forward-inspirations-llc-usdot-3907287.php
HI,20,https://www.quicktransportsolutions.com//truckingcompany/hawaii/vip-foodservice-usdot-133780.php
HI,20,https://www.quicktransportsolutions.com//truckingcompany/hawaii/hapu-trucking-service-usdot-1525062.php
HI,20,https://www.quicktransportsolutions.com//truckingcompany/hawaii/veazys-trucking-company-llc-usdot-3686286.php
HI,20,https://www.quicktransportsolutions.com//truckingcompany/hawaii/verceluz-trucking-llc-usdot-1444956.php
HI,20,https://www.quicktransportsolutions.com//truckingcompany/hawaii/cheap-vip-tour-usdot-2434095.php
HI,20,https://www.quicktransportsolutions.com//truckingcompany/hawaii/vip-trans-usdot-1637019.php
HI,20,https://www.quicktransportsolutions.com//truckingcompany/hawaii/vp-boyz-trucking-llc-usdot-2792229.php
HI,20,https://www.quicktransportsolutions.com//truckingcompany/hawaii/vp-trucking-equipment-rental-usdot-1609355.php
HI,20,https://www.quicktransportsolutions.com//truckingcompany/hawaii/w-hoohuli-trucking-llc-usdot-1708375.php
HI,20,https://www.quicktransportsolutions.com//truckingcompany/hawaii/waalani-enterprises-llc-usdot-1449066.php
HI,20,https://www.quicktransportsolutions.com//truckingcompany/hawaii/wasa-electrical-services-inc-usdot-2116329.php
HI,20,https://www.quicktransportsolutions.com//truckingcompany/hawaii/webco-usdot-1017612.php
HI,20,https://www.quicktransportsolutions.com//truckingcompany/hawaii/w-duarte-trucking-usdot-1811514.php
HI,20,https://www.quicktransportsolutions.com//truckingcompany/hawaii/west-hawaii-freight-service-usdot-709032.php
HI,20,https://www.quicktransportsolutions.com//truckingcompany/hawaii/west-maui-land-company-inc-usdot-1794975.php
HI,20,https://www.quicktransportsolutions.com//truckingcompany/hawaii/west-point-relocation-inc-usdot-2233973.php
HI,20,https://www.quicktransportsolutions.com//truckingcompany/hawaii/westbrook-trucking-inc-usdot-1702070.php
HI,20,https://www.quicktransportsolutions.com//truckingcompany/hawaii/westcoast-cdl-drving-school-and-hauling-usdot-1583965.php
HI,20,https://www.quicktransportsolutions.com//truckingcompany/hawaii/western-haulin-llc-usdot-1682679.php
HI,20,https://www.quicktransportsolutions.com//truckingcompany/hawaii/westpac-international-inc-usdot-768930.php
HI,20,https://www.quicktransportsolutions.com//truckingcompany/hawaii/westside-trucking-inc-usdot-1071274.php
HI,20,https://www.quicktransportsolutions.com//truckingcompany/hawaii/wikiwiki-express-delivery-usdot-3427357.php
HI,20,https://www.quicktransportsolutions.com//truckingcompany/hawaii/wongs-produce-inc-usdot-2271304.php
HI,20,https://www.quicktransportsolutions.com//truckingcompany/hawaii/worldwide-moving-storage-inc-usdot-105272.php
HI,20,https://www.quicktransportsolutions.com//truckingcompany/hawaii/wpr-hawaii-inc-usdot-1571592.php
HI,20,https://www.quicktransportsolutions.com//truckingcompany/hawaii/xpress-distribution-inc-usdot-1228844.php
HI,20,https://www.quicktransportsolutions.com//truckingcompany/hawaii/xpress-trucking-inc-usdot-548914.php
HI,20,https://www.quicktransportsolutions.com//truckingcompany/hawaii/xtreme-trucking-inc-usdot-1795250.php
HI,20,https://www.quicktransportsolutions.com//truckingcompany/hawaii/y-fukunaga-products-limited-usdot-147845.php
HI,20,https://www.quicktransportsolutions.com//truckingcompany/hawaii/y-hata-company-ltd-usdot-277949.php
HI,20,https://www.quicktransportsolutions.com//truckingcompany/hawaii/y-n-express-inc-usdot-62988.php
HI,20,https://www.quicktransportsolutions.com//truckingcompany/hawaii/yama-distribution-inc-usdot-3852210.php
HI,20,https://www.quicktransportsolutions.com//truckingcompany/hawaii/ybj-inc-usdot-2254970.php
HI,20,https://www.quicktransportsolutions.com//truckingcompany/hawaii/young-guns-trucking-llc-usdot-2455227.php
HI,20,https://www.quicktransportsolutions.com//truckingcompany/hawaii/help-u-move-hawaii-usdot-4090758.php
